date,sales,promo,holiday
2022-01-01,157.42,0,0
2022-01-02,226.75,1,0
2022-01-03,196.57,0,0
2022-01-04,259.46,0,0
2022-01-05,257.29,0,0
2022-01-06,225.56,0,0
2022-01-07,195.74,0,0
2022-01-08,156.52,0,0
2022-01-09,174.59,0,0
2022-01-10,195.33,0,0
2022-01-11,237.02,0,0
2022-01-12,370.74,1,0
2022-01-13,205.91,0,0
2022-01-14,182.11,0,0
2022-01-15,147.52,0,0
2022-01-16,151.0,0,0
2022-01-17,215.55,0,0
2022-01-18,237.22,0,0
2022-01-19,305.59,0,0
2022-01-20,234.0,0,0
2022-01-21,239.74,0,0
2022-01-22,211.21,0,0
2022-01-23,190.65,0,0
2022-01-24,281.03,0,0
2022-01-25,267.39,0,0
2022-01-26,307.34,0,0
2022-01-27,283.9,0,0
2022-01-28,225.74,0,0
2022-01-29,213.61,0,0
2022-01-30,219.24,0,0
2022-01-31,207.38,0,0
2022-02-01,269.76,0,0
2022-02-02,303.96,0,0
2022-02-03,377.03,1,0
2022-02-04,280.41,1,0
2022-02-05,215.45,0,0
2022-02-06,214.74,0,0
2022-02-07,240.3,0,0
2022-02-08,284.42,0,0
2022-02-09,289.68,0,0
2022-02-10,277.1,0,0
2022-02-11,265.86,0,0
2022-02-12,228.73,0,0
2022-02-13,225.55,0,0
2022-02-14,296.6,0,0
2022-02-15,309.92,0,0
2022-02-16,288.49,0,0
2022-02-17,239.62,0,0
2022-02-18,211.52,0,0
2022-02-19,238.77,0,0
2022-02-20,320.97,1,0
2022-02-21,230.92,0,0
2022-02-22,368.77,1,0
2022-02-23,279.56,0,0
2022-02-24,297.16,0,0
2022-02-25,340.55,1,0
2022-02-26,186.78,0,0
2022-02-27,230.34,0,0
2022-02-28,267.13,0,0
2022-03-01,281.58,0,0
2022-03-02,330.89,0,0
2022-03-03,270.52,0,0
2022-03-04,274.71,0,0
2022-03-05,240.94,0,0
2022-03-06,257.55,0,0
2022-03-07,238.82,0,0
2022-03-08,300.63,0,0
2022-03-09,305.16,0,0
2022-03-10,249.87,0,0
2022-03-11,348.54,1,0
2022-03-12,209.74,0,0
2022-03-13,223.19,0,0
2022-03-14,244.88,0,0
2022-03-15,319.51,0,0
2022-03-16,272.03,0,0
2022-03-17,304.44,0,0
2022-03-18,280.84,0,0
2022-03-19,246.94,0,0
2022-03-20,259.46,0,0
2022-03-21,292.3,0,0
2022-03-22,281.22,0,0
2022-03-23,348.91,0,0
2022-03-24,280.23,0,0
2022-03-25,255.68,0,0
2022-03-26,227.69,0,0
2022-03-27,256.3,0,0
2022-03-28,262.11,0,0
2022-03-29,308.75,0,0
2022-03-30,284.15,0,0
2022-03-31,322.73,0,0
2022-04-01,275.87,0,0
2022-04-02,230.33,0,0
2022-04-03,233.79,0,0
2022-04-04,293.05,0,0
2022-04-05,290.65,0,0
2022-04-06,319.3,0,0
2022-04-07,323.65,0,0
2022-04-08,239.7,0,0
2022-04-09,247.61,0,0
2022-04-10,254.05,0,0
2022-04-11,275.02,0,0
2022-04-12,296.13,0,0
2022-04-13,346.81,0,0
2022-04-14,279.82,0,0
2022-04-15,214.7,0,0
2022-04-16,254.31,0,0
2022-04-17,215.9,0,0
2022-04-18,294.4,0,0
2022-04-19,341.63,0,0
2022-04-20,331.59,0,0
2022-04-21,320.84,0,0
2022-04-22,309.68,0,0
2022-04-23,348.27,1,0
2022-04-24,253.14,0,0
2022-04-25,316.78,0,0
2022-04-26,350.84,0,0
2022-04-27,358.66,0,0
2022-04-28,280.23,0,0
2022-04-29,223.69,0,0
2022-04-30,221.77,0,0
2022-05-01,260.6,0,0
2022-05-02,277.93,0,0
2022-05-03,299.72,0,0
2022-05-04,326.26,0,0
2022-05-05,253.46,0,0
2022-05-06,258.66,0,0
2022-05-07,261.04,0,0
2022-05-08,254.12,0,0
2022-05-09,288.52,0,0
2022-05-10,341.99,0,0
2022-05-11,307.66,0,0
2022-05-12,270.87,0,0
2022-05-13,281.74,0,0
2022-05-14,259.13,0,0
2022-05-15,335.58,1,0
2022-05-16,263.8,0,0
2022-05-17,298.57,0,0
2022-05-18,273.79,0,0
2022-05-19,311.33,0,0
2022-05-20,374.25,1,0
2022-05-21,275.3,1,0
2022-05-22,254.79,0,0
2022-05-23,273.87,0,0
2022-05-24,268.86,0,0
2022-05-25,271.35,0,0
2022-05-26,288.55,0,0
2022-05-27,233.9,0,0
2022-05-28,267.04,0,0
2022-05-29,252.4,0,0
2022-05-30,271.02,0,0
2022-05-31,302.83,0,0
2022-06-01,330.04,0,0
2022-06-02,295.58,0,0
2022-06-03,251.48,0,0
2022-06-04,289.1,1,0
2022-06-05,300.14,0,0
2022-06-06,226.54,0,0
2022-06-07,276.82,0,0
2022-06-08,250.23,0,0
2022-06-09,282.66,0,0
2022-06-10,237.48,0,0
2022-06-11,230.41,0,0
2022-06-12,174.74,0,0
2022-06-13,276.52,0,0
2022-06-14,258.98,0,0
2022-06-15,282.36,0,0
2022-06-16,286.93,0,0
2022-06-17,234.64,0,0
2022-06-18,213.95,0,0
2022-06-19,232.53,0,0
2022-06-20,253.72,0,0
2022-06-21,264.91,0,0
2022-06-22,276.17,0,0
2022-06-23,263.15,0,0
2022-06-24,199.91,0,0
2022-06-25,224.72,0,0
2022-06-26,213.92,0,0
2022-06-27,239.0,0,0
2022-06-28,359.74,1,0
2022-06-29,271.43,0,0
2022-06-30,247.38,0,0
2022-07-01,204.26,0,0
2022-07-02,321.66,1,0
2022-07-03,208.47,0,0
2022-07-04,214.53,0,0
2022-07-05,257.17,0,0
2022-07-06,252.0,0,0
2022-07-07,228.38,0,0
2022-07-08,167.2,0,0
2022-07-09,182.19,0,0
2022-07-10,152.29,0,0
2022-07-11,213.71,0,0
2022-07-12,240.4,0,0
2022-07-13,288.91,0,0
2022-07-14,214.77,0,0
2022-07-15,185.58,0,0
2022-07-16,172.61,0,0
2022-07-17,174.55,0,0
2022-07-18,253.75,0,0
2022-07-19,221.52,0,0
2022-07-20,247.42,0,0
2022-07-21,242.77,0,0
2022-07-22,221.0,0,0
2022-07-23,167.04,0,0
2022-07-24,135.54,0,0
2022-07-25,210.24,0,0
2022-07-26,278.31,0,0
2022-07-27,258.53,0,0
2022-07-28,234.99,0,0
2022-07-29,167.06,0,0
2022-07-30,142.11,0,0
2022-07-31,178.71,0,0
2022-08-01,173.15,0,0
2022-08-02,258.91,0,0
2022-08-03,225.24,0,0
2022-08-04,223.46,0,0
2022-08-05,141.54,0,0
2022-08-06,156.53,0,0
2022-08-07,143.79,0,0
2022-08-08,146.01,0,0
2022-08-09,248.24,0,0
2022-08-10,282.82,0,0
2022-08-11,247.77,0,0
2022-08-12,201.27,0,0
2022-08-13,151.64,0,0
2022-08-14,189.28,0,0
2022-08-15,300.0,1,0
2022-08-16,233.97,0,0
2022-08-17,208.12,0,0
2022-08-18,203.07,0,0
2022-08-19,222.9,0,0
2022-08-20,156.31,0,0
2022-08-21,82.29,0,0
2022-08-22,159.48,0,0
2022-08-23,216.4,0,0
2022-08-24,260.18,0,0
2022-08-25,205.38,0,0
2022-08-26,203.44,0,0
2022-08-27,141.87,0,0
2022-08-28,113.25,0,0
2022-08-29,279.98,1,0
2022-08-30,304.76,1,0
2022-08-31,238.09,0,0
2022-09-01,178.18,0,0
2022-09-02,165.75,0,0
2022-09-03,295.17,1,0
2022-09-04,129.2,0,0
2022-09-05,319.64,1,0
2022-09-06,273.26,1,0
2022-09-07,251.13,0,0
2022-09-08,185.36,0,0
2022-09-09,182.81,0,0
2022-09-10,118.63,0,0
2022-09-11,165.74,0,0
2022-09-12,166.87,0,0
2022-09-13,202.85,0,0
2022-09-14,334.1,1,0
2022-09-15,195.82,0,0
2022-09-16,181.29,0,0
2022-09-17,145.3,0,0
2022-09-18,159.43,0,0
2022-09-19,314.14,1,0
2022-09-20,211.48,0,0
2022-09-21,203.05,0,0
2022-09-22,193.02,0,0
2022-09-23,201.53,0,0
2022-09-24,152.96,0,0
2022-09-25,136.73,0,0
2022-09-26,199.25,0,0
2022-09-27,232.3,0,0
2022-09-28,241.43,0,0
2022-09-29,182.49,0,0
2022-09-30,155.32,0,0
2022-10-01,133.99,0,0
2022-10-02,149.81,0,0
2022-10-03,203.78,0,0
2022-10-04,229.22,0,0
2022-10-05,239.16,0,0
2022-10-06,242.26,0,0
2022-10-07,191.2,0,0
2022-10-08,149.09,0,0
2022-10-09,131.08,0,0
2022-10-10,174.42,0,0
2022-10-11,217.36,0,0
2022-10-12,252.73,0,0
2022-10-13,210.06,0,0
2022-10-14,160.03,0,0
2022-10-15,136.9,0,0
2022-10-16,161.64,0,0
2022-10-17,217.36,0,0
2022-10-18,266.63,0,0
2022-10-19,229.93,0,0
2022-10-20,212.82,0,0
2022-10-21,149.4,0,0
2022-10-22,207.13,0,0
2022-10-23,131.9,0,0
2022-10-24,228.07,0,0
2022-10-25,221.5,0,0
2022-10-26,223.98,0,0
2022-10-27,190.2,0,0
2022-10-28,244.13,0,0
2022-10-29,168.42,0,0
2022-10-30,171.81,0,0
2022-10-31,225.41,0,0
2022-11-01,218.94,0,0
2022-11-02,313.72,1,0
2022-11-03,224.15,0,0
2022-11-04,175.97,0,0
2022-11-05,197.89,0,0
2022-11-06,170.93,0,0
2022-11-07,169.63,0,0
2022-11-08,233.0,0,0
2022-11-09,255.31,0,0
2022-11-10,301.05,1,0
2022-11-11,174.04,0,0
2022-11-12,159.97,0,0
2022-11-13,212.75,0,0
2022-11-14,202.2,0,0
2022-11-15,282.28,0,0
2022-11-16,239.81,0,0
2022-11-17,242.59,0,0
2022-11-18,189.54,0,0
2022-11-19,198.85,0,0
2022-11-20,160.73,0,0
2022-11-21,355.53,1,0
2022-11-22,256.03,0,0
2022-11-23,245.9,0,0
2022-11-24,355.26,0,1
2022-11-25,380.94,0,1
2022-11-26,328.22,0,1
2022-11-27,313.55,0,1
2022-11-28,288.67,0,1
2022-11-29,376.95,0,1
2022-11-30,382.74,0,1
2022-12-01,410.31,0,1
2022-12-02,280.7,0,1
2022-12-03,261.95,0,1
2022-12-04,388.5,0,1
2022-12-05,324.6,0,1
2022-12-06,441.16,0,1
2022-12-07,386.92,0,1
2022-12-08,378.09,0,1
2022-12-09,351.11,0,1
2022-12-10,309.37,0,1
2022-12-11,322.96,0,1
2022-12-12,358.31,0,1
2022-12-13,412.52,0,1
2022-12-14,356.33,0,1
2022-12-15,384.19,0,1
2022-12-16,341.12,0,1
2022-12-17,331.4,0,1
2022-12-18,331.76,0,1
2022-12-19,372.09,0,1
2022-12-20,420.82,0,1
2022-12-21,378.9,0,1
2022-12-22,403.88,0,1
2022-12-23,284.23,0,1
2022-12-24,331.65,0,1
2022-12-25,486.43,1,1
2022-12-26,336.19,0,1
2022-12-27,421.23,0,1
2022-12-28,410.92,0,1
2022-12-29,447.5,0,1
2022-12-30,407.7,0,1
2022-12-31,426.76,1,1
2023-01-01,253.96,0,0
2023-01-02,383.93,1,0
2023-01-03,273.53,0,0
2023-01-04,267.71,0,0
2023-01-05,251.13,0,0
2023-01-06,249.71,0,0
2023-01-07,250.88,0,0
2023-01-08,217.35,0,0
2023-01-09,300.54,0,0
2023-01-10,297.36,0,0
2023-01-11,306.52,0,0
2023-01-12,277.49,0,0
2023-01-13,217.75,0,0
2023-01-14,250.15,0,0
2023-01-15,296.14,0,0
2023-01-16,284.21,0,0
2023-01-17,271.96,0,0
2023-01-18,346.62,0,0
2023-01-19,266.02,0,0
2023-01-20,242.86,0,0
2023-01-21,246.64,0,0
2023-01-22,264.53,0,0
2023-01-23,268.66,0,0
2023-01-24,319.35,0,0
2023-01-25,353.01,0,0
2023-01-26,417.9,1,0
2023-01-27,312.29,0,0
2023-01-28,308.2,0,0
2023-01-29,289.53,0,0
2023-01-30,296.22,0,0
2023-01-31,429.72,1,0
2023-02-01,354.45,0,0
2023-02-02,334.85,0,0
2023-02-03,292.96,0,0
2023-02-04,245.13,0,0
2023-02-05,250.98,0,0
2023-02-06,306.54,0,0
2023-02-07,344.98,0,0
2023-02-08,332.99,0,0
2023-02-09,339.9,0,0
2023-02-10,347.6,0,0
2023-02-11,231.29,0,0
2023-02-12,298.13,0,0
2023-02-13,314.14,0,0
2023-02-14,359.26,0,0
2023-02-15,345.86,0,0
2023-02-16,427.05,1,0
2023-02-17,397.32,1,0
2023-02-18,273.76,0,0
2023-02-19,251.87,0,0
2023-02-20,316.16,0,0
2023-02-21,318.71,0,0
2023-02-22,378.99,0,0
2023-02-23,295.19,0,0
2023-02-24,333.63,0,0
2023-02-25,297.79,0,0
2023-02-26,306.37,0,0
2023-02-27,273.46,0,0
2023-02-28,351.36,0,0
2023-03-01,396.85,0,0
2023-03-02,334.11,0,0
2023-03-03,286.1,0,0
2023-03-04,276.17,0,0
2023-03-05,298.76,0,0
2023-03-06,311.1,0,0
2023-03-07,395.13,0,0
2023-03-08,371.0,0,0
2023-03-09,337.68,0,0
2023-03-10,284.9,0,0
2023-03-11,308.47,0,0
2023-03-12,316.17,0,0
2023-03-13,316.62,0,0
2023-03-14,312.3,0,0
2023-03-15,386.7,0,0
2023-03-16,350.59,0,0
2023-03-17,329.42,0,0
2023-03-18,419.61,1,0
2023-03-19,307.29,0,0
2023-03-20,326.8,0,0
2023-03-21,342.63,0,0
2023-03-22,474.14,1,0
2023-03-23,428.55,1,0
2023-03-24,325.08,0,0
2023-03-25,345.52,0,0
2023-03-26,322.93,0,0
2023-03-27,338.65,0,0
2023-03-28,355.89,0,0
2023-03-29,388.2,0,0
2023-03-30,337.45,0,0
2023-03-31,330.12,0,0
2023-04-01,316.37,0,0
2023-04-02,306.68,0,0
2023-04-03,327.76,0,0
2023-04-04,320.31,0,0
2023-04-05,411.38,0,0
2023-04-06,371.34,0,0
2023-04-07,337.33,0,0
2023-04-08,266.03,0,0
2023-04-09,347.34,0,0
2023-04-10,446.53,1,0
2023-04-11,368.23,0,0
2023-04-12,356.45,0,0
2023-04-13,316.85,0,0
2023-04-14,355.71,0,0
2023-04-15,446.61,1,0
2023-04-16,308.61,0,0
2023-04-17,427.0,1,0
2023-04-18,365.68,0,0
2023-04-19,373.97,0,0
2023-04-20,330.94,0,0
2023-04-21,413.96,1,0
2023-04-22,308.09,0,0
2023-04-23,337.26,0,0
2023-04-24,455.0,1,0
2023-04-25,334.52,0,0
2023-04-26,390.26,0,0
2023-04-27,353.13,0,0
2023-04-28,358.81,0,0
2023-04-29,338.36,0,0
2023-04-30,346.66,0,0
2023-05-01,326.97,0,0
2023-05-02,421.7,0,0
2023-05-03,388.11,0,0
2023-05-04,487.8,1,0
2023-05-05,309.68,0,0
2023-05-06,292.75,0,0
2023-05-07,314.38,0,0
2023-05-08,342.18,0,0
2023-05-09,400.6,0,0
2023-05-10,370.7,0,0
2023-05-11,383.52,0,0
2023-05-12,337.52,0,0
2023-05-13,291.75,0,0
2023-05-14,386.92,1,0
2023-05-15,426.69,1,0
2023-05-16,424.56,0,0
2023-05-17,306.38,0,0
2023-05-18,367.62,0,0
2023-05-19,271.4,0,0
2023-05-20,287.66,0,0
2023-05-21,298.29,0,0
2023-05-22,368.8,0,0
2023-05-23,344.46,0,0
2023-05-24,482.86,1,0
2023-05-25,317.12,0,0
2023-05-26,344.9,0,0
2023-05-27,277.07,0,0
2023-05-28,405.85,1,0
2023-05-29,318.18,0,0
2023-05-30,389.23,0,0
2023-05-31,391.4,0,0
2023-06-01,352.94,0,0
2023-06-02,277.63,0,0
2023-06-03,345.65,1,0
2023-06-04,265.35,0,0
2023-06-05,265.39,0,0
2023-06-06,383.65,0,0
2023-06-07,450.6,1,0
2023-06-08,328.22,0,0
2023-06-09,338.61,0,0
2023-06-10,266.89,0,0
2023-06-11,264.72,0,0
2023-06-12,310.6,0,0
2023-06-13,318.38,0,0
2023-06-14,362.23,0,0
2023-06-15,321.83,0,0
2023-06-16,355.03,1,0
2023-06-17,350.5,1,0
2023-06-18,277.45,0,0
2023-06-19,312.64,0,0
2023-06-20,433.37,1,0
2023-06-21,338.92,0,0
2023-06-22,323.38,0,0
2023-06-23,285.31,0,0
2023-06-24,268.16,0,0
2023-06-25,331.43,1,0
2023-06-26,329.81,0,0
2023-06-27,337.55,0,0
2023-06-28,329.41,0,0
2023-06-29,328.12,0,0
2023-06-30,282.1,0,0
2023-07-01,218.12,0,0
2023-07-02,276.86,0,0
2023-07-03,273.28,0,0
2023-07-04,352.55,0,0
2023-07-05,330.02,0,0
2023-07-06,333.08,0,0
2023-07-07,262.26,0,0
2023-07-08,257.28,0,0
2023-07-09,292.67,0,0
2023-07-10,286.12,0,0
2023-07-11,308.51,0,0
2023-07-12,346.55,0,0
2023-07-13,323.59,0,0
2023-07-14,258.44,0,0
2023-07-15,200.06,0,0
2023-07-16,241.35,0,0
2023-07-17,303.99,0,0
2023-07-18,298.14,0,0
2023-07-19,324.16,0,0
2023-07-20,285.56,0,0
2023-07-21,218.18,0,0
2023-07-22,227.17,0,0
2023-07-23,267.83,0,0
2023-07-24,222.24,0,0
2023-07-25,318.3,0,0
2023-07-26,289.31,0,0
2023-07-27,311.77,0,0
2023-07-28,278.96,0,0
2023-07-29,234.42,0,0
2023-07-30,324.3,1,0
2023-07-31,256.1,0,0
2023-08-01,385.26,1,0
2023-08-02,356.28,0,0
2023-08-03,269.86,0,0
2023-08-04,295.29,0,0
2023-08-05,277.14,1,0
2023-08-06,253.96,0,0
2023-08-07,242.99,0,0
2023-08-08,315.15,0,0
2023-08-09,301.01,0,0
2023-08-10,279.07,0,0
2023-08-11,266.81,0,0
2023-08-12,217.58,0,0
2023-08-13,200.74,0,0
2023-08-14,286.16,0,0
2023-08-15,269.19,0,0
2023-08-16,317.92,0,0
2023-08-17,307.14,0,0
2023-08-18,238.19,0,0
2023-08-19,254.97,0,0
2023-08-20,244.68,0,0
2023-08-21,246.02,0,0
2023-08-22,329.24,0,0
2023-08-23,272.93,0,0
2023-08-24,269.96,0,0
2023-08-25,239.07,0,0
2023-08-26,237.29,0,0
2023-08-27,257.36,0,0
2023-08-28,286.68,0,0
2023-08-29,296.85,0,0
2023-08-30,291.61,0,0
2023-08-31,230.97,0,0
2023-09-01,208.73,0,0
2023-09-02,263.79,0,0
2023-09-03,181.14,0,0
2023-09-04,238.42,0,0
2023-09-05,317.65,0,0
2023-09-06,301.74,0,0
2023-09-07,297.82,0,0
2023-09-08,322.38,1,0
2023-09-09,254.58,0,0
2023-09-10,232.76,0,0
2023-09-11,273.06,0,0
2023-09-12,269.49,0,0
2023-09-13,309.83,0,0
2023-09-14,263.51,0,0
2023-09-15,227.27,0,0
2023-09-16,239.23,0,0
2023-09-17,247.06,0,0
2023-09-18,297.95,0,0
2023-09-19,327.56,0,0
2023-09-20,317.61,0,0
2023-09-21,230.03,0,0
2023-09-22,284.04,0,0
2023-09-23,239.68,0,0
2023-09-24,205.36,0,0
2023-09-25,274.07,0,0
2023-09-26,261.28,0,0
2023-09-27,310.51,0,0
2023-09-28,240.61,0,0
2023-09-29,218.74,0,0
2023-09-30,235.21,0,0
2023-10-01,252.19,0,0
2023-10-02,264.96,0,0
2023-10-03,281.16,0,0
2023-10-04,243.39,0,0
2023-10-05,269.64,0,0
2023-10-06,253.76,0,0
2023-10-07,211.14,0,0
2023-10-08,226.52,0,0
2023-10-09,254.03,0,0
2023-10-10,282.24,0,0
2023-10-11,300.26,0,0
2023-10-12,270.27,0,0
2023-10-13,278.84,0,0
2023-10-14,166.36,0,0
2023-10-15,216.02,0,0
2023-10-16,239.62,0,0
2023-10-17,298.59,0,0
2023-10-18,303.24,0,0
2023-10-19,320.71,0,0
2023-10-20,294.73,0,0
2023-10-21,205.51,0,0
2023-10-22,233.11,0,0
2023-10-23,269.84,0,0
2023-10-24,394.4,1,0
2023-10-25,320.8,0,0
2023-10-26,278.06,0,0
2023-10-27,223.27,0,0
2023-10-28,221.97,0,0
2023-10-29,212.4,0,0
2023-10-30,295.2,0,0
2023-10-31,348.78,0,0
2023-11-01,315.79,0,0
2023-11-02,291.52,0,0
2023-11-03,258.57,0,0
2023-11-04,263.42,0,0
2023-11-05,271.37,0,0
2023-11-06,271.51,0,0
2023-11-07,400.34,1,0
2023-11-08,331.31,0,0
2023-11-09,265.72,0,0
2023-11-10,407.92,1,0
2023-11-11,282.86,0,0
2023-11-12,277.2,0,0
2023-11-13,249.08,0,0
2023-11-14,263.13,0,0
2023-11-15,338.72,0,0
2023-11-16,391.72,1,0
2023-11-17,273.66,0,0
2023-11-18,284.16,0,0
2023-11-19,238.03,0,0
2023-11-20,277.25,0,0
2023-11-21,325.85,0,0
2023-11-22,295.2,0,0
2023-11-23,288.04,0,0
2023-11-24,370.47,0,1
2023-11-25,330.84,0,1
2023-11-26,362.14,0,1
2023-11-27,518.13,0,1
2023-11-28,449.07,0,1
2023-11-29,426.52,0,1
2023-11-30,494.56,0,1
2023-12-01,387.75,0,1
2023-12-02,331.89,0,1
2023-12-03,389.47,0,1
2023-12-04,435.85,0,1
2023-12-05,450.51,0,1
2023-12-06,433.79,0,1
2023-12-07,596.26,1,1
2023-12-08,438.2,0,1
2023-12-09,372.72,0,1
2023-12-10,376.68,0,1
2023-12-11,417.51,0,1
2023-12-12,411.35,0,1
2023-12-13,450.88,0,1
2023-12-14,440.13,0,1
2023-12-15,438.31,0,1
2023-12-16,377.97,0,1
2023-12-17,458.89,1,1
2023-12-18,452.26,0,1
2023-12-19,531.96,1,1
2023-12-20,506.36,0,1
2023-12-21,460.16,0,1
2023-12-22,547.16,1,1
2023-12-23,384.94,0,1
2023-12-24,431.6,0,1
2023-12-25,510.17,0,1
2023-12-26,474.79,0,1
2023-12-27,536.19,0,1
2023-12-28,474.59,0,1
2023-12-29,417.65,0,1
2023-12-30,432.74,0,1
2023-12-31,414.72,0,1
2024-01-01,327.09,0,0
2024-01-02,360.97,0,0
2024-01-03,439.78,0,0
2024-01-04,339.43,0,0
2024-01-05,300.65,0,0
2024-01-06,303.69,0,0
2024-01-07,340.0,0,0
2024-01-08,399.93,0,0
2024-01-09,391.88,0,0
2024-01-10,352.61,0,0
2024-01-11,413.2,0,0
2024-01-12,329.92,0,0
2024-01-13,289.02,0,0
2024-01-14,291.88,0,0
2024-01-15,372.23,0,0
2024-01-16,389.75,0,0
2024-01-17,401.3,0,0
2024-01-18,404.36,0,0
2024-01-19,318.6,0,0
2024-01-20,352.32,0,0
2024-01-21,314.07,0,0
2024-01-22,480.85,1,0
2024-01-23,406.84,0,0
2024-01-24,377.72,0,0
2024-01-25,329.58,0,0
2024-01-26,366.84,0,0
2024-01-27,316.73,0,0
2024-01-28,331.02,0,0
2024-01-29,386.43,0,0
2024-01-30,424.9,0,0
2024-01-31,439.03,0,0
2024-02-01,358.49,0,0
2024-02-02,389.86,0,0
2024-02-03,319.14,0,0
2024-02-04,285.97,0,0
2024-02-05,345.22,0,0
2024-02-06,412.42,0,0
2024-02-07,391.23,0,0
2024-02-08,392.86,0,0
2024-02-09,369.79,0,0
2024-02-10,336.13,0,0
2024-02-11,336.99,0,0
2024-02-12,350.31,0,0
2024-02-13,414.34,0,0
2024-02-14,370.82,0,0
2024-02-15,384.56,0,0
2024-02-16,344.71,0,0
2024-02-17,341.17,0,0
2024-02-18,350.42,0,0
2024-02-19,411.89,0,0
2024-02-20,459.6,0,0
2024-02-21,400.63,0,0
2024-02-22,457.57,0,0
2024-02-23,354.37,0,0
2024-02-24,357.31,0,0
2024-02-25,374.27,0,0
2024-02-26,454.66,0,0
2024-02-27,412.01,0,0
2024-02-28,389.1,0,0
2024-02-29,519.96,1,0
2024-03-01,358.26,0,0
2024-03-02,349.1,0,0
2024-03-03,338.6,0,0
2024-03-04,389.5,0,0
2024-03-05,409.38,0,0
2024-03-06,455.65,0,0
2024-03-07,503.81,1,0
2024-03-08,366.56,0,0
2024-03-09,387.42,0,0
2024-03-10,470.49,1,0
2024-03-11,356.48,0,0
2024-03-12,457.42,0,0
2024-03-13,447.28,0,0
2024-03-14,456.28,0,0
2024-03-15,390.38,0,0
2024-03-16,346.31,0,0
2024-03-17,429.47,1,0
2024-03-18,531.72,1,0
2024-03-19,418.38,0,0
2024-03-20,434.75,0,0
2024-03-21,491.1,1,0
2024-03-22,361.41,0,0
2024-03-23,349.93,0,0
2024-03-24,460.81,1,0
2024-03-25,438.52,0,0
2024-03-26,447.95,0,0
2024-03-27,446.86,0,0
2024-03-28,405.84,0,0
2024-03-29,419.52,0,0
2024-03-30,381.55,0,0
2024-03-31,360.97,0,0
2024-04-01,432.55,0,0
2024-04-02,455.51,0,0
2024-04-03,429.05,0,0
2024-04-04,425.34,0,0
2024-04-05,380.95,0,0
2024-04-06,437.56,0,0
2024-04-07,392.81,0,0
2024-04-08,415.52,0,0
2024-04-09,453.97,0,0
2024-04-10,484.38,0,0
2024-04-11,426.18,0,0
2024-04-12,378.79,0,0
2024-04-13,392.97,0,0
2024-04-14,375.17,0,0
2024-04-15,384.0,0,0
2024-04-16,410.32,0,0
2024-04-17,487.79,0,0
2024-04-18,431.09,0,0
2024-04-19,378.21,0,0
2024-04-20,365.3,0,0
2024-04-21,398.9,0,0
2024-04-22,402.47,0,0
2024-04-23,494.53,1,0
2024-04-24,456.53,0,0
2024-04-25,456.71,0,0
2024-04-26,420.08,0,0
2024-04-27,462.75,1,0
2024-04-28,408.81,0,0
2024-04-29,413.37,0,0
2024-04-30,470.04,0,0
2024-05-01,460.75,0,0
2024-05-02,386.38,0,0
2024-05-03,433.02,0,0
2024-05-04,368.63,0,0
2024-05-05,389.09,0,0
2024-05-06,371.93,0,0
2024-05-07,449.02,0,0
2024-05-08,471.25,0,0
2024-05-09,469.97,0,0
2024-05-10,421.43,0,0
2024-05-11,378.16,0,0
2024-05-12,332.93,0,0
2024-05-13,405.61,0,0
2024-05-14,418.25,0,0
2024-05-15,446.13,0,0
2024-05-16,387.67,0,0
2024-05-17,377.56,0,0
2024-05-18,347.68,0,0
2024-05-19,448.36,1,0
2024-05-20,384.98,0,0
2024-05-21,425.71,0,0
2024-05-22,443.37,0,0
2024-05-23,351.49,0,0
2024-05-24,319.19,0,0
2024-05-25,347.85,0,0
2024-05-26,358.44,0,0
2024-05-27,398.72,0,0
2024-05-28,406.4,0,0
2024-05-29,431.86,0,0
2024-05-30,412.45,0,0
2024-05-31,355.51,0,0
2024-06-01,376.85,0,0
2024-06-02,362.94,0,0
2024-06-03,402.73,0,0
2024-06-04,421.32,0,0
2024-06-05,479.16,0,0
2024-06-06,419.09,0,0
2024-06-07,356.5,0,0
2024-06-08,366.82,0,0
2024-06-09,312.3,0,0
2024-06-10,386.72,0,0
2024-06-11,422.2,0,0
2024-06-12,424.42,0,0
2024-06-13,390.36,0,0
2024-06-14,337.88,0,0
2024-06-15,321.01,0,0
2024-06-16,350.2,0,0
2024-06-17,350.26,0,0
2024-06-18,452.81,0,0
2024-06-19,349.43,0,0
2024-06-20,384.89,0,0
2024-06-21,360.19,0,0
2024-06-22,347.64,0,0
2024-06-23,318.94,0,0
2024-06-24,400.63,0,0
2024-06-25,367.85,0,0
2024-06-26,395.43,0,0
2024-06-27,402.61,0,0
2024-06-28,377.54,0,0
2024-06-29,293.94,0,0
2024-06-30,402.04,0,0
2024-07-01,343.9,0,0
2024-07-02,363.96,0,0
2024-07-03,416.21,0,0
2024-07-04,372.44,0,0
2024-07-05,333.19,0,0
2024-07-06,452.38,1,0
2024-07-07,291.8,0,0
2024-07-08,317.86,0,0
2024-07-09,375.91,0,0
2024-07-10,424.68,0,0
2024-07-11,361.41,0,0
2024-07-12,379.7,0,0
2024-07-13,347.27,0,0
2024-07-14,331.22,0,0
2024-07-15,363.09,0,0
2024-07-16,392.11,0,0
2024-07-17,395.96,0,0
2024-07-18,360.37,0,0
2024-07-19,327.76,0,0
2024-07-20,284.83,0,0
2024-07-21,382.14,1,0
2024-07-22,376.6,0,0
2024-07-23,383.43,0,0
2024-07-24,386.6,0,0
2024-07-25,374.0,0,0
2024-07-26,307.87,0,0
2024-07-27,281.16,0,0
2024-07-28,306.08,0,0
2024-07-29,377.91,0,0
2024-07-30,345.04,0,0
2024-07-31,315.59,0,0
2024-08-01,345.88,0,0
2024-08-02,352.07,0,0
2024-08-03,257.86,0,0
2024-08-04,278.71,0,0
2024-08-05,345.41,0,0
2024-08-06,433.69,0,0
2024-08-07,342.56,0,0
2024-08-08,319.31,0,0
2024-08-09,327.37,0,0
2024-08-10,326.76,0,0
2024-08-11,288.16,0,0
2024-08-12,293.91,0,0
2024-08-13,375.98,0,0
2024-08-14,387.66,0,0
2024-08-15,394.56,0,0
2024-08-16,331.26,0,0
2024-08-17,313.36,0,0
2024-08-18,293.31,0,0
2024-08-19,391.67,0,0
2024-08-20,351.46,0,0
2024-08-21,353.36,0,0
2024-08-22,391.79,0,0
2024-08-23,274.54,0,0
2024-08-24,243.13,0,0
2024-08-25,299.6,0,0
2024-08-26,327.44,0,0
2024-08-27,352.66,0,0
2024-08-28,390.55,0,0
2024-08-29,393.08,1,0
2024-08-30,310.24,0,0
2024-08-31,277.66,0,0
2024-09-01,271.79,0,0
2024-09-02,323.5,0,0
2024-09-03,377.34,0,0
2024-09-04,416.5,0,0
2024-09-05,356.07,0,0
2024-09-06,243.87,0,0
2024-09-07,283.82,0,0
2024-09-08,293.54,0,0
2024-09-09,346.78,0,0
2024-09-10,359.1,0,0
2024-09-11,393.37,0,0
2024-09-12,350.05,0,0
2024-09-13,344.4,0,0
2024-09-14,272.71,0,0
2024-09-15,294.93,0,0
2024-09-16,343.19,0,0
2024-09-17,339.44,0,0
2024-09-18,341.68,0,0
2024-09-19,324.03,0,0
2024-09-20,286.32,0,0
2024-09-21,296.49,0,0
2024-09-22,245.32,0,0
2024-09-23,283.61,0,0
2024-09-24,400.42,0,0
2024-09-25,434.94,1,0
2024-09-26,345.13,0,0
2024-09-27,268.31,0,0
2024-09-28,286.39,0,0
2024-09-29,273.94,0,0
2024-09-30,284.29,0,0
2024-10-01,388.25,0,0
2024-10-02,392.33,0,0
2024-10-03,338.67,0,0
2024-10-04,331.87,0,0
2024-10-05,333.09,0,0
2024-10-06,312.37,0,0
2024-10-07,337.08,0,0
2024-10-08,473.08,1,0
2024-10-09,495.34,1,0
2024-10-10,334.35,0,0
2024-10-11,302.19,0,0
2024-10-12,367.56,1,0
2024-10-13,284.13,0,0
2024-10-14,318.53,0,0
2024-10-15,359.39,0,0
2024-10-16,396.33,0,0
2024-10-17,318.08,0,0
2024-10-18,331.15,0,0
2024-10-19,407.75,1,0
2024-10-20,383.94,1,0
2024-10-21,423.87,1,0
2024-10-22,320.61,0,0
2024-10-23,385.22,0,0
2024-10-24,354.86,0,0
2024-10-25,341.18,0,0
2024-10-26,277.54,0,0
2024-10-27,322.41,0,0
2024-10-28,361.7,0,0
2024-10-29,364.9,0,0
2024-10-30,386.11,0,0
2024-10-31,364.3,0,0
2024-11-01,300.22,0,0
2024-11-02,313.12,0,0
2024-11-03,348.88,0,0
2024-11-04,340.9,0,0
2024-11-05,335.88,0,0
2024-11-06,363.73,0,0
2024-11-07,315.59,0,0
2024-11-08,358.44,0,0
2024-11-09,324.48,0,0
2024-11-10,301.41,0,0
2024-11-11,310.62,0,0
2024-11-12,357.39,0,0
2024-11-13,370.87,0,0
2024-11-14,368.82,0,0
2024-11-15,334.18,0,0
2024-11-16,345.11,0,0
2024-11-17,302.91,0,0
2024-11-18,396.22,1,0
2024-11-19,355.76,0,0
2024-11-20,502.5,1,0
2024-11-21,354.51,0,0
2024-11-22,331.71,0,0
2024-11-23,307.02,0,0
2024-11-24,501.51,0,1
2024-11-25,475.25,0,1
2024-11-26,504.88,0,1
2024-11-27,576.17,1,1
2024-11-28,494.23,0,1
2024-11-29,446.21,0,1
2024-11-30,440.95,0,1
2024-12-01,429.46,0,1
2024-12-02,473.86,0,1
2024-12-03,526.47,0,1
2024-12-04,574.93,0,1
2024-12-05,539.41,0,1
2024-12-06,424.13,0,1
2024-12-07,454.79,0,1
2024-12-08,480.58,0,1
2024-12-09,440.78,0,1
2024-12-10,626.84,1,1
2024-12-11,510.06,0,1
2024-12-12,543.55,0,1
2024-12-13,506.23,0,1
2024-12-14,492.22,0,1
2024-12-15,548.49,1,1
2024-12-16,493.19,0,1
2024-12-17,478.09,0,1
2024-12-18,583.27,0,1
2024-12-19,555.44,0,1
2024-12-20,621.77,1,1
2024-12-21,486.38,0,1
2024-12-22,501.15,0,1
2024-12-23,555.23,0,1
2024-12-24,599.9,1,1
2024-12-25,602.25,0,1
2024-12-26,653.12,1,1
2024-12-27,465.07,0,1
2024-12-28,473.1,0,1
2024-12-29,523.15,0,1
2024-12-30,519.32,0,1
